hwid,week,load_S125,load_S181,active_S125,active_S181,n
SW-065,2020-09-28,40.416893732970024,40.05875440658049,0.6938929854414824,0.6435999243713367,5289
SW-065,2020-10-05,40.938275434243174,41.08862745098039,0.6930352536543423,0.685189165950129,9304
SW-065,2020-10-12,40.61371841155235,40.61116166211708,0.695470237472539,0.689821110994874,9559
SW-065,2020-10-19,40.669156551509495,40.229885057471265,0.6789223454833597,0.6158478605388272,9465
SW-065,2020-10-26,41.50623885918004,40.995024875621894,0.7110266159695817,0.6581115335868187,9468
SW-065,2020-11-02,42.14393114533106,42.82295349469676,0.7074163732394366,0.8091989436619719,9088
SW-065,2020-11-09,41.65406515448521,43.005896542481906,0.79523438369892,0.8308651597817615,8981
SW-065,2020-11-16,45.922045051885604,43.739918682930075,0.7274635439681838,0.5524745912505523,9052
SW-065,2020-11-23,,48.3046357615894,0.0,0.08208306153511633,9198
SW-065,2020-11-30,,,0.0,0.0,8704
SW-065,2020-12-07,,,0.0,0.0,8803
SW-065,2020-12-14,,,0.0,0.0,9007
SW-065,2020-12-21,,,0.0,0.0,9076
SW-065,2020-12-28,,,0.0,0.0,9046
SW-065,2021-01-04,,,0.0,0.0,8956
SW-065,2021-01-11,,,0.0,0.0,3292
SW-088,2020-09-28,,,0.0,0.0,4678
SW-088,2020-10-05,46.13025210084034,51.458110516934056,0.030961363340705088,0.04865357096396514,7687
SW-088,2020-10-12,47.24102107450282,48.60911094783248,0.14529693362660112,0.1760900504593091,7729
SW-088,2020-10-19,46.02818489289741,48.07575757575758,0.10851480303401027,0.16148764374847077,8174
SW-088,2020-10-26,52.21805183199285,49.928495197438636,0.1271879972721073,0.10650147760854739,8798
SW-088,2020-11-02,50.76692913385827,50.84282624369142,0.07324950974737571,0.15999538585765372,8669
SW-088,2020-11-09,52.93896713615023,53.988606939409635,0.12603550295857988,0.2285207100591716,8450
SW-088,2020-11-16,53.654027541973214,54.16952642415923,0.21384485053854532,0.1763282100931865,8263
SW-088,2020-11-23,66.7051232417086,64.23492981007432,0.3415763025654589,0.3202856387199154,7562
SW-088,2020-11-30,82.36955439382626,77.81306122448979,0.37086276139038915,0.33928818723168536,7221
SW-088,2020-12-07,87.25191223832527,57.83443708609271,0.4437299035369775,0.060691318327974274,7464
SW-088,2020-12-14,86.93317819148938,73.08648648648648,0.380904140812967,0.14055970621755096,7897
SW-088,2020-12-21,65.38924319727892,58.419705916406166,0.3829527414824765,0.3515691781658322,8189
SW-088,2020-12-28,81.09166666666668,78.32895677027508,0.41877426185154687,0.4390071756263969,8501
SW-088,2021-01-04,57.462571332661966,63.7408003433108,0.3792971734148205,0.3955946014769544,7854
SW-088,2021-01-11,78.22409992652463,77.59517426273459,0.5925119721375708,0.054128573501668845,6891
SW-088,2021-01-18,85.58597809076682,,0.7624570446735395,0.0,6984
SW-088,2021-01-25,70.18031721268852,,0.7108400332686443,0.0,7214
SW-088,2021-02-01,62.53427340383863,92.9,0.5828767123287671,0.005479452054794521,7300
SW-088,2021-02-08,80.33146029834772,,0.6895931358981456,0.0,7226
SW-088,2021-02-15,71.40148198046481,,0.40493726132024005,0.0,7332
SW-088,2021-02-22,54.1183879093199,,0.055369595536959554,0.0,7170
SW-088,2021-03-01,70.79010082493126,,0.42074816814500576,0.0,7779
SW-088,2021-03-08,71.33564814814815,,0.48537144398004584,0.0,7417
SW-088,2021-03-15,58.32258064516129,,0.36154306220095694,0.0,6688
SW-088,2021-03-29,61.56488549618321,82.88111888111888,0.09160839160839161,0.05,2860
SW-106,2020-09-28,54.630559783527815,53.41633430825135,0.8673267326732673,0.8275027502750275,4545
SW-106,2020-10-05,49.7718487394958,51.37031956877466,0.905401978189196,0.8782652802434694,7886
SW-106,2020-10-12,57.03560371517028,56.242447516641064,0.4466466927863563,0.45010371053238074,8678
SW-106,2020-10-19,59.099039172209906,54.91749773345422,0.16629793510324484,0.13557030481809243,8136
SW-106,2020-10-26,50.37417218543046,50.94766708701135,0.10303650631183896,0.09018537472989878,8793
SW-106,2020-11-02,49.81639344262295,49.697594501718214,0.03578552152997771,0.03414290742696234,8523
SW-106,2020-11-09,47.3,51.72222222222222,0.024975024975024976,0.017982017982017984,2002
SW-106,2021-01-04,49.52469135802469,49.32888888888889,0.038001407459535536,0.05277973258268825,4263
SW-106,2021-01-11,46.09161237785016,45.5264155028689,0.7408301158301158,0.7430019305019305,8288
SW-106,2021-01-18,50.024035774175516,58.621917040358746,0.9269430051813472,0.9243523316062177,1930
SW-106,2021-02-08,44.61934972244251,46.08223684210526,0.39295730757245245,0.37893424742910564,3209
SW-106,2021-02-15,45.452608695652174,45.44742729306488,0.6510416666666666,0.5567255434782609,8832
SW-106,2021-02-22,45.908502252252255,46.75451263537906,0.5167297061390748,0.4835612452720396,6874
SW-106,2021-03-08,48.70170494575173,47.017023750207606,0.827928138124125,0.7024031731217919,8572
SW-106,2021-03-15,51.02295081967213,51.39127772486052,0.8236750309440756,0.8269382243726792,8887
SW-106,2021-03-22,55.14373503591381,50.14659336998167,0.9696641386782232,0.929113140380746,6461
SW-115,2020-09-28,48.34604519774011,50.43978102189781,0.06869784591500097,0.05317290898505725,5153
SW-115,2020-10-05,48.51061827956989,51.80015902464882,0.4047878128400435,0.4105549510337323,9190
SW-115,2020-10-12,49.2861,50.59593610998787,0.5548158011540169,0.5488237905015535,9012
SW-115,2020-10-19,51.15193965517241,50.56512605042017,0.05042382090849815,0.05172788524233862,9202
SW-115,2020-10-26,50.52166666666667,50.44053601340033,0.06336466363924385,0.06304784032104763,9469
SW-115,2020-11-02,58.10947225981055,59.796499555028184,0.3933361720246966,0.3588460719608261,9394
SW-115,2020-11-09,52.43694277840817,55.06728406728407,0.6602804238467301,0.5663063255913519,9343
SW-115,2020-11-16,69.27910016510732,67.07436643124221,0.7710587736049226,0.7660725652450668,9426
SW-115,2020-11-23,61.72769640479361,66.06909361069836,0.23693343148596066,0.2831002208434115,9509
SW-115,2020-11-30,76.5282882882883,78.99467478128565,0.2972683449384039,0.2816282806641671,9335
SW-115,2020-12-07,77.1925318368228,76.24787206603044,0.5045741668481812,0.4222391635809192,9182
SW-115,2020-12-14,70.54269275028769,66.39352956775392,0.46130162437626077,0.4003609725023888,9419
SW-115,2020-12-21,72.7215088282504,72.76983260553129,0.33969465648854963,0.2996728462377317,9170
SW-115,2020-12-28,87.59140625,91.44916820702403,0.07021393307734504,0.05935271530444323,9115
SW-115,2021-01-04,80.68323782234957,82.90653775322284,0.4022127463409012,0.375475394721678,8677
SW-115,2021-01-11,70.8238839070485,70.36971411554497,0.4142104001917086,0.4023484303858136,8346
SW-115,2021-01-18,63.903908138597906,59.71873718737187,0.2772564789991063,0.27245308310991956,8952
SW-115,2021-01-25,53.918700382240516,53.84745232885277,0.38157747110961515,0.3589139459216874,8913
SW-115,2021-02-01,53.25670131291029,55.87700458190149,0.401185120158016,0.3831888510918468,9113
SW-115,2021-02-08,52.9779996996546,55.04729829755736,0.7532805429864253,0.7641402714932126,8840
SW-115,2021-02-15,52.35244161358811,53.46645021645022,0.05270814682184423,0.05170098478066249,8936
SW-115,2021-02-22,49.59657701711492,48.285714285714285,0.22707084166111483,0.24716855429713525,9006
SW-115,2021-03-01,56.869018512050296,55.36995677233429,0.3151348376444689,0.305558613098514,9085
SW-115,2021-03-08,51.73098106712565,50.690877796901894,0.3199691595990748,0.3199691595990748,9079
SW-115,2021-03-15,54.61778066190785,55.1633947447901,0.3271067713861176,0.3514115898959881,9422
SW-115,2021-03-22,56.55691056910569,53.55213803450863,0.14461308251389482,0.14247541684480547,9356
SW-115,2021-03-29,53.5764192139738,53.525171624713956,0.11328221617610686,0.108088053425674,4043
